administrative_area_level_1,confirmed,deaths,date,stringency_index,government_response_index,containment_health_index,retail_and_recreation_percent_change_from_baseline,grocery_and_pharmacy_percent_change_from_baseline,parks_percent_change_from_baseline,transit_stations_percent_change_from_baseline,workplaces_percent_change_from_baseline,residential_percent_change_from_baseline
Singapore,0,NA,2020-01-22,19.44,19.27,22.02,NA,NA,NA,NA,NA,NA
Singapore,1,NA,2020-01-23,25,24.48,27.98,NA,NA,NA,NA,NA,NA
Singapore,3,NA,2020-01-24,25,24.48,27.98,NA,NA,NA,NA,NA,NA
Singapore,3,NA,2020-01-25,25,24.48,27.98,NA,NA,NA,NA,NA,NA
Singapore,4,NA,2020-01-26,25,24.48,27.98,NA,NA,NA,NA,NA,NA
Singapore,5,NA,2020-01-27,25,24.48,27.98,NA,NA,NA,NA,NA,NA
Singapore,7,NA,2020-01-28,25,24.48,27.98,NA,NA,NA,NA,NA,NA
Singapore,7,NA,2020-01-29,25,24.48,27.98,NA,NA,NA,NA,NA,NA
Singapore,10,NA,2020-01-30,25,24.48,27.98,NA,NA,NA,NA,NA,NA
Singapore,13,NA,2020-01-31,25,24.48,27.98,NA,NA,NA,NA,NA,NA
Singapore,16,NA,2020-02-01,25,24.48,27.98,NA,NA,NA,NA,NA,NA
Singapore,18,NA,2020-02-02,25,24.48,27.98,NA,NA,NA,NA,NA,NA
Singapore,18,NA,2020-02-03,25,24.48,27.98,NA,NA,NA,NA,NA,NA
Singapore,24,NA,2020-02-04,25,28.65,32.74,NA,NA,NA,NA,NA,NA
Singapore,28,NA,2020-02-05,25,28.65,32.74,NA,NA,NA,NA,NA,NA
Singapore,28,NA,2020-02-06,25,28.65,32.74,NA,NA,NA,NA,NA,NA
Singapore,30,NA,2020-02-07,30.56,31.77,36.31,NA,NA,NA,NA,NA,NA
Singapore,33,NA,2020-02-08,30.56,31.77,36.31,NA,NA,NA,NA,NA,NA
Singapore,40,NA,2020-02-09,30.56,31.77,36.31,NA,NA,NA,NA,NA,NA
Singapore,45,NA,2020-02-10,30.56,31.77,36.31,NA,NA,NA,NA,NA,NA
Singapore,47,NA,2020-02-11,30.56,31.77,36.31,NA,NA,NA,NA,NA,NA
Singapore,50,NA,2020-02-12,30.56,31.77,36.31,NA,NA,NA,NA,NA,NA
Singapore,58,NA,2020-02-13,30.56,31.77,36.31,NA,NA,NA,NA,NA,NA
Singapore,67,NA,2020-02-14,30.56,31.77,36.31,NA,NA,NA,NA,NA,NA
Singapore,72,NA,2020-02-15,30.56,31.77,36.31,-14,-9,-10,-17,-4,8
Singapore,75,NA,2020-02-16,30.56,31.77,36.31,-19,-17,-18,-22,-7,8
Singapore,77,NA,2020-02-17,30.56,31.77,36.31,-12,-6,-7,-14,-4,7
Singapore,81,NA,2020-02-18,30.56,31.77,36.31,-13,-9,-7,-15,-5,7
Singapore,84,NA,2020-02-19,30.56,31.77,36.31,-14,-14,-6,-15,-5,8
Singapore,84,NA,2020-02-20,30.56,31.77,36.31,-14,-13,-10,-12,-5,7
Singapore,85,NA,2020-02-21,30.56,31.77,36.31,-11,-12,-14,-12,0,8
Singapore,85,NA,2020-02-22,30.56,31.77,36.31,-11,-9,-5,-16,-3,6
Singapore,89,NA,2020-02-23,30.56,31.77,36.31,-14,-12,-3,-19,-5,6
Singapore,89,NA,2020-02-24,30.56,31.77,36.31,-12,-8,-12,-14,-3,7
Singapore,91,NA,2020-02-25,30.56,31.77,36.31,-10,-6,-2,-13,-3,6
Singapore,93,NA,2020-02-26,30.56,31.77,36.31,-12,-13,-4,-14,-4,7
Singapore,93,NA,2020-02-27,30.56,31.77,36.31,-12,-9,-5,-9,-4,6
Singapore,93,NA,2020-02-28,30.56,31.77,36.31,-8,-10,-8,-11,1,7
Singapore,102,NA,2020-02-29,30.56,31.77,36.31,-8,-7,-2,-13,0,5
Singapore,106,NA,2020-03-01,30.56,31.77,36.31,-11,-9,-1,-16,-3,5
Singapore,108,NA,2020-03-02,30.56,31.77,36.31,-8,-5,-7,-12,-2,6
Singapore,110,NA,2020-03-03,30.56,31.77,36.31,-8,-5,-3,-13,-1,6
Singapore,110,NA,2020-03-04,30.56,31.77,36.31,-11,-12,-7,-12,-2,6
Singapore,117,NA,2020-03-05,30.56,31.77,36.31,-12,-11,-13,-9,-2,6
Singapore,130,NA,2020-03-06,30.56,31.77,36.31,-8,-9,-8,-10,3,7
Singapore,138,NA,2020-03-07,30.56,31.77,36.31,-10,-8,-16,-15,0,6
Singapore,150,NA,2020-03-08,30.56,31.77,36.31,-11,-10,-7,-16,-2,5
Singapore,150,NA,2020-03-09,30.56,31.77,36.31,-11,-7,-9,-14,-1,6
Singapore,160,NA,2020-03-10,30.56,31.77,36.31,-11,-7,-4,-13,-1,6
Singapore,178,NA,2020-03-11,30.56,31.77,36.31,-13,-12,-9,-13,-2,7
Singapore,178,NA,2020-03-12,30.56,31.77,36.31,-13,-9,-8,-9,-2,6
Singapore,200,NA,2020-03-13,36.11,34.9,39.88,-10,-10,-9,-12,1,8
Singapore,212,NA,2020-03-14,36.11,34.9,39.88,-11,-8,-1,-15,0,6
Singapore,226,NA,2020-03-15,36.11,34.9,39.88,-14,-10,4,-18,-3,6
Singapore,243,NA,2020-03-16,36.11,34.9,39.88,-10,-2,1,-16,-11,9
Singapore,266,NA,2020-03-17,36.11,34.9,39.88,-8,16,2,-16,-12,9
Singapore,313,NA,2020-03-18,36.11,34.9,39.88,-11,-2,-3,-19,-14,11
Singapore,345,NA,2020-03-19,36.11,34.9,39.88,-13,-1,-2,-19,-16,12
Singapore,385,NA,2020-03-20,36.11,34.9,39.88,-11,-6,-6,-21,-13,15
Singapore,432,2,2020-03-21,36.11,34.9,39.88,-13,-4,-15,-23,-3,11
Singapore,455,2,2020-03-22,36.11,34.9,39.88,-18,-8,-18,-31,-8,11
Singapore,509,2,2020-03-23,36.11,34.9,39.88,-16,-3,-23,-24,-11,12
Singapore,558,2,2020-03-24,36.11,34.9,39.88,-13,3,-9,-23,-13,12
Singapore,631,2,2020-03-25,36.11,34.9,39.88,-16,-1,-13,-25,-15,14
Singapore,683,2,2020-03-26,36.11,34.9,39.88,-18,4,-15,-25,-16,14
Singapore,732,2,2020-03-27,36.11,34.9,39.88,-20,-1,-24,-27,-14,18
Singapore,802,2,2020-03-28,36.11,34.9,39.88,-23,3,-15,-33,-8,15
Singapore,844,3,2020-03-29,36.11,34.9,39.88,-28,-6,-12,-40,-15,15
Singapore,879,3,2020-03-30,36.11,34.9,39.88,-21,-1,-16,-29,-18,16
Singapore,926,3,2020-03-31,36.11,34.9,39.88,-20,1,-10,-29,-18,15
Singapore,1000,3,2020-04-01,36.11,38.02,39.88,-23,-9,-15,-31,-22,18
Singapore,1049,4,2020-04-02,36.11,40.1,42.26,-25,-5,-22,-33,-27,19
Singapore,1114,5,2020-04-03,45.37,46.88,50,-21,18,-29,-32,-20,21
Singapore,1189,6,2020-04-04,45.37,46.88,50,-24,8,-27,-36,-7,15
Singapore,1309,6,2020-04-05,45.37,46.88,50,-23,-1,-27,-40,-10,14
Singapore,1375,6,2020-04-06,45.37,46.88,50,-15,12,-26,-32,-24,16
Singapore,1481,6,2020-04-07,62.04,56.25,60.71,-51,-6,-37,-54,-52,32
Singapore,1623,6,2020-04-08,76.85,64.58,70.24,-59,-21,-46,-63,-63,39
Singapore,1910,6,2020-04-09,76.85,64.58,70.24,-57,-12,-37,-63,-64,38
Singapore,2108,7,2020-04-10,82.41,67.71,73.81,-63,-13,-44,-75,-83,53
Singapore,2299,8,2020-04-11,76.85,64.58,70.24,-61,-21,-51,-66,-51,32
Singapore,2532,8,2020-04-12,76.85,64.58,70.24,-64,-31,-57,-70,-49,27
Singapore,2918,9,2020-04-13,76.85,64.58,70.24,-60,-21,-53,-66,-64,40
Singapore,3252,10,2020-04-14,76.85,69.27,75.6,-58,-14,-48,-65,-65,40
Singapore,3699,10,2020-04-15,76.85,69.27,75.6,-60,-22,-52,-66,-66,42
Singapore,4427,10,2020-04-16,76.85,69.27,75.6,-61,-19,-52,-66,-66,42
Singapore,5050,11,2020-04-17,76.85,69.27,75.6,-60,-17,-57,-65,-65,47
Singapore,5992,11,2020-04-18,76.85,69.27,75.6,-65,-22,-62,-66,-51,32
Singapore,6588,11,2020-04-19,76.85,69.27,75.6,-66,-28,-61,-69,-49,27
Singapore,8014,11,2020-04-20,76.85,75.52,75.6,-65,-20,-57,-68,-66,41
Singapore,9125,11,2020-04-21,76.85,75.52,75.6,-64,-20,-60,-69,-67,42
Singapore,10141,12,2020-04-22,76.85,75.52,75.6,-66,-25,-64,-69,-68,44
Singapore,11178,12,2020-04-23,76.85,75.52,75.6,-68,-26,-66,-70,-69,44
Singapore,12075,12,2020-04-24,76.85,75.52,75.6,-70,-29,-73,-71,-67,49
Singapore,12693,12,2020-04-25,82.41,78.65,79.17,-68,-27,-71,-70,-55,34
Singapore,13624,12,2020-04-26,76.85,75.52,75.6,-70,-35,-72,-72,-52,28
Singapore,14423,14,2020-04-27,76.85,75.52,75.6,-67,-24,-65,-70,-68,43
Singapore,14951,14,2020-04-28,76.85,75.52,75.6,-66,-22,-63,-69,-68,42
Singapore,15641,14,2020-04-29,76.85,75.52,75.6,-67,-29,-63,-69,-69,43
Singapore,16169,15,2020-04-30,76.85,75.52,75.6,-67,-24,-70,-67,-69,43
Singapore,17101,16,2020-05-01,82.41,78.65,79.17,-68,-17,-73,-74,-83,55
Singapore,17548,17,2020-05-02,76.85,75.52,75.6,-67,-22,-69,-67,-54,33
Singapore,18205,18,2020-05-03,76.85,75.52,75.6,-69,-32,-70,-69,-49,28
Singapore,18778,18,2020-05-04,76.85,75.52,75.6,-66,-21,-67,-68,-67,42
Singapore,19410,18,2020-05-05,76.85,75.52,75.6,-65,-18,-63,-67,-67,42
Singapore,20198,20,2020-05-06,76.85,75.52,75.6,-64,-19,-65,-66,-67,43
Singapore,20939,20,2020-05-07,76.85,75.52,75.6,-66,-14,-60,-72,-83,48
Singapore,21707,20,2020-05-08,76.85,75.52,75.6,-67,-19,-68,-66,-66,48
Singapore,22460,20,2020-05-09,76.85,75.52,75.6,-65,-19,-68,-64,-51,32
Singapore,23336,20,2020-05-10,76.85,75.52,75.6,-65,-29,-69,-67,-46,27
Singapore,23822,21,2020-05-11,76.85,75.52,75.6,-66,-23,-64,-66,-66,42
Singapore,24671,21,2020-05-12,73.15,73.44,73.21,-61,-15,-59,-64,-65,41
Singapore,25346,21,2020-05-13,73.15,73.44,73.21,-63,-22,-62,-64,-65,43
Singapore,26098,21,2020-05-14,73.15,73.44,73.21,-64,-20,-61,-64,-66,41
Singapore,26891,21,2020-05-15,73.15,73.44,73.21,-63,-17,-64,-64,-64,45
Singapore,27356,22,2020-05-16,73.15,73.44,73.21,-62,-16,-65,-62,-48,31
Singapore,28038,22,2020-05-17,73.15,73.44,73.21,-65,-27,-67,-67,-43,27
Singapore,28343,22,2020-05-18,73.15,73.44,73.21,-62,-15,-60,-64,-64,41
Singapore,28794,22,2020-05-19,73.15,73.44,73.21,-62,-14,-58,-63,-63,41
Singapore,29364,22,2020-05-20,73.15,73.44,73.21,-62,-20,-60,-63,-63,42
Singapore,29812,23,2020-05-21,73.15,73.44,73.21,-63,-17,-61,-62,-64,41
Singapore,30426,23,2020-05-22,73.15,73.44,73.21,-63,-14,-69,-64,-61,46
Singapore,31068,23,2020-05-23,73.15,73.44,73.21,-61,-10,-66,-61,-47,31
Singapore,31616,23,2020-05-24,73.15,73.44,73.21,-66,-28,-63,-67,-46,27
Singapore,31960,23,2020-05-25,73.15,73.44,73.21,-62,-9,-54,-72,-82,48
Singapore,32343,23,2020-05-26,73.15,76.56,73.21,-61,-18,-58,-63,-61,40
Singapore,32876,23,2020-05-27,73.15,76.56,73.21,-61,-20,-57,-62,-61,41
Singapore,33249,23,2020-05-28,73.15,76.56,73.21,-63,-21,-59,-61,-61,41
Singapore,33860,23,2020-05-29,73.15,76.56,73.21,-62,-16,-62,-62,-58,45
Singapore,34366,23,2020-05-30,73.15,76.56,73.21,-60,-14,-63,-61,-42,31
Singapore,34884,23,2020-05-31,73.15,76.56,73.21,-62,-22,-61,-64,-37,26
Singapore,35292,24,2020-06-01,73.15,76.56,73.21,-61,-18,-63,-62,-60,40
Singapore,35836,24,2020-06-02,71.3,75.52,72.02,-55,-11,-54,-51,-45,33
Singapore,36405,24,2020-06-03,65.74,72.4,68.45,-57,-17,-54,-52,-47,35
Singapore,36922,24,2020-06-04,65.74,72.4,68.45,-59,-20,-62,-52,-47,35
Singapore,37183,24,2020-06-05,65.74,72.4,68.45,-56,-7,-59,-52,-44,38
Singapore,37527,25,2020-06-06,65.74,72.4,68.45,-56,-9,-63,-56,-36,28
Singapore,37910,25,2020-06-07,65.74,72.4,68.45,-60,-18,-56,-60,-34,24
Singapore,38296,25,2020-06-08,65.74,72.4,68.45,-56,-11,-54,-52,-46,33
Singapore,38514,25,2020-06-09,65.74,72.4,68.45,-56,-11,-50,-52,-46,33
Singapore,38965,25,2020-06-10,65.74,72.4,68.45,-58,-20,-57,-53,-47,35
Singapore,39387,25,2020-06-11,65.74,72.4,68.45,-58,-14,-52,-51,-47,34
Singapore,39850,25,2020-06-12,65.74,72.4,68.45,-57,-11,-58,-52,-44,38
Singapore,40197,26,2020-06-13,65.74,72.4,68.45,-59,-14,-69,-57,-35,28
Singapore,40604,26,2020-06-14,65.74,72.4,68.45,-60,-19,-58,-60,-31,24
Singapore,40818,26,2020-06-15,65.74,72.4,68.45,-56,-11,-51,-52,-44,33
Singapore,40969,26,2020-06-16,65.74,72.4,68.45,-56,-15,-53,-52,-45,33
Singapore,41216,26,2020-06-17,65.74,72.4,68.45,-57,-20,-56,-52,-44,34
Singapore,41473,26,2020-06-18,65.74,72.4,68.45,-56,-15,-51,-49,-44,33
Singapore,41615,26,2020-06-19,56.48,65.1,60.12,-36,-3,-41,-40,-37,31
Singapore,41833,26,2020-06-20,50.93,61.98,56.55,-36,-4,-50,-39,-21,20
Singapore,42095,26,2020-06-21,50.93,61.98,56.55,-37,-13,-42,-43,-15,18
Singapore,42313,26,2020-06-22,50.93,61.98,56.55,-35,-4,-41,-41,-41,28
Singapore,42432,26,2020-06-23,50.93,61.98,56.55,-37,-8,-46,-42,-41,28
Singapore,42623,26,2020-06-24,50.93,61.98,56.55,-36,-11,-49,-40,-40,29
Singapore,42736,26,2020-06-25,50.93,61.98,56.55,-35,-6,-36,-38,-40,28
Singapore,42955,26,2020-06-26,50.93,61.98,56.55,-32,-2,-36,-37,-36,30
Singapore,43246,26,2020-06-27,50.93,61.98,56.55,-29,1,-32,-32,-20,18
Singapore,43459,26,2020-06-28,50.93,61.98,56.55,-34,-9,-30,-39,-13,17
Singapore,43661,26,2020-06-29,50.93,61.98,56.55,-31,-2,-36,-38,-36,25
Singapore,43907,26,2020-06-30,50.93,61.98,56.55,-31,-4,-35,-39,-36,25
Singapore,44122,26,2020-07-01,50.93,61.98,56.55,-32,-10,-35,-38,-36,25
Singapore,44310,26,2020-07-02,50.93,61.98,56.55,-32,-8,-32,-37,-37,25
Singapore,44479,26,2020-07-03,50.93,61.98,56.55,-28,-3,-33,-35,-33,27
Singapore,44664,26,2020-07-04,56.48,65.1,60.12,-25,0,-30,-32,-17,17
Singapore,44800,26,2020-07-05,50.93,61.98,56.55,-29,-9,-25,-38,-13,15
Singapore,44983,26,2020-07-06,50.93,61.98,56.55,-29,-5,-31,-41,-44,27
Singapore,45140,26,2020-07-07,50.93,61.98,56.55,-30,-2,-33,-38,-37,24
Singapore,45298,26,2020-07-08,50.93,61.98,56.55,-31,-9,-34,-38,-35,25
Singapore,45423,26,2020-07-09,50.93,61.98,56.55,-27,-5,-36,-34,-36,23
Singapore,45614,26,2020-07-10,50.93,61.98,56.55,-25,15,-17,-48,-72,39
Singapore,45783,26,2020-07-11,50.93,61.98,56.55,-27,-2,-29,-35,-18,18
Singapore,45961,26,2020-07-12,50.93,61.98,56.55,-30,-8,-18,-39,-12,16
Singapore,46283,26,2020-07-13,50.93,61.98,56.55,-33,-6,-40,-39,-35,25
Singapore,46630,27,2020-07-14,50.93,61.98,56.55,-29,-2,-29,-38,-35,24
Singapore,46878,27,2020-07-15,50.93,61.98,56.55,-30,-9,-33,-37,-34,25
Singapore,47126,27,2020-07-16,50.93,61.98,56.55,-30,-6,-31,-35,-34,24
Singapore,47453,27,2020-07-17,50.93,61.98,56.55,-25,0,-27,-34,-31,26
Singapore,47655,27,2020-07-18,50.93,61.98,56.55,-21,4,-18,-30,-14,16
Singapore,47912,27,2020-07-19,50.93,61.98,56.55,-25,-3,-9,-36,-10,14
Singapore,48035,27,2020-07-20,50.93,61.98,56.55,-26,3,-23,-39,-40,25
Singapore,48434,27,2020-07-21,50.93,61.98,56.55,-26,-1,-21,-39,-40,25
Singapore,48744,27,2020-07-22,50.93,61.98,56.55,-28,-9,-25,-39,-39,26
Singapore,49098,27,2020-07-23,50.93,61.98,56.55,-28,-5,-25,-37,-40,25
Singapore,49375,27,2020-07-24,50.93,61.98,56.55,-25,-1,-29,-36,-36,27
Singapore,49888,27,2020-07-25,50.93,61.98,56.55,-20,4,-23,-29,-13,15
Singapore,50369,27,2020-07-26,50.93,61.98,56.55,-26,-6,-25,-37,-9,15
Singapore,50838,27,2020-07-27,50.93,61.98,56.55,-29,-5,-37,-37,-33,23
Singapore,51197,27,2020-07-28,50.93,61.98,56.55,-26,1,-30,-35,-32,22
Singapore,51531,27,2020-07-29,50.93,61.98,56.55,-28,-7,-40,-35,-32,22
Singapore,51809,27,2020-07-30,50.93,61.98,56.55,-19,6,-20,-30,-33,19
Singapore,52205,27,2020-07-31,50.93,61.98,56.55,-22,9,-1,-45,-72,36
Singapore,52512,27,2020-08-01,50.93,61.98,56.55,-18,3,-13,-30,-14,15
Singapore,52825,27,2020-08-02,50.93,61.98,56.55,-22,-5,-10,-36,-9,14
Singapore,53051,27,2020-08-03,50.93,61.98,56.55,-25,2,-25,-36,-31,21
Singapore,53346,27,2020-08-04,56.48,65.1,60.12,-25,-3,-24,-35,-31,21
Singapore,54254,27,2020-08-05,50.93,61.98,56.55,-25,-7,-23,-34,-31,21
Singapore,54555,27,2020-08-06,50.93,61.98,56.55,-25,-4,-23,-33,-31,20
Singapore,54797,27,2020-08-07,50.93,61.98,56.55,-18,3,-20,-30,-27,22
Singapore,54929,27,2020-08-08,50.93,61.98,56.55,-15,5,-7,-27,-10,13
Singapore,55104,27,2020-08-09,50.93,61.98,56.55,-21,-7,11,-30,-12,12
Singapore,55292,27,2020-08-10,50.93,61.98,56.55,-15,15,20,-46,-73,33
Singapore,55353,27,2020-08-11,50.93,61.98,56.55,-25,-4,-20,-35,-30,19
Singapore,55395,27,2020-08-12,50.93,61.98,56.55,-26,-9,-24,-34,-30,20
Singapore,55497,27,2020-08-13,50.93,61.98,56.55,-27,-9,-27,-32,-31,20
Singapore,55580,27,2020-08-14,50.93,61.98,56.55,-23,-6,-30,-32,-27,22
Singapore,55661,27,2020-08-15,50.93,61.98,56.55,-17,4,-13,-27,-8,13
Singapore,55747,27,2020-08-16,50.93,61.98,56.55,-22,-4,-6,-34,-6,13
Singapore,55838,27,2020-08-17,50.93,61.98,56.55,-27,-6,-31,-36,-30,19
Singapore,55938,27,2020-08-18,50.93,61.98,56.55,-25,0,-22,-35,-27,18
Singapore,56031,27,2020-08-19,56.48,65.1,60.12,-27,-9,-25,-34,-28,20
Singapore,56099,27,2020-08-20,50.93,61.98,56.55,-26,-7,-22,-32,-29,19
Singapore,56216,27,2020-08-21,50.93,61.98,56.55,-20,1,-20,-31,-24,20
Singapore,56266,27,2020-08-22,50.93,61.98,56.55,-18,2,-17,-28,-6,12
Singapore,56353,27,2020-08-23,50.93,61.98,56.55,-24,-7,-24,-36,-6,13
Singapore,56404,27,2020-08-24,50.93,61.98,56.55,-24,-1,-20,-34,-28,19
Singapore,56435,27,2020-08-25,50.93,61.98,56.55,-24,-2,-18,-34,-28,18
Singapore,56495,27,2020-08-26,50.93,61.98,56.55,-25,-9,-21,-33,-27,19
Singapore,56572,27,2020-08-27,50.93,61.98,56.55,-24,-4,-18,-31,-27,18
Singapore,56666,27,2020-08-28,50.93,61.98,56.55,-19,1,-17,-29,-23,19
Singapore,56717,27,2020-08-29,56.48,65.1,60.12,-16,6,-17,-26,-5,11
Singapore,56771,27,2020-08-30,50.93,61.98,56.55,-18,-1,-2,-31,-4,11
Singapore,56812,27,2020-08-31,50.93,61.98,56.55,-21,3,-19,-33,-26,18
Singapore,56852,27,2020-09-01,50.93,61.98,56.55,-22,2,-19,-32,-27,17
Singapore,56860,27,2020-09-02,50.93,61.98,56.55,-24,-5,-22,-33,-26,18
Singapore,56908,27,2020-09-03,50.93,61.98,56.55,-21,-7,-18,-30,-27,17
Singapore,56948,27,2020-09-04,50.93,61.98,56.55,-16,-2,-15,-33,-33,22
Singapore,56982,27,2020-09-05,50.93,61.98,56.55,-17,0,-37,-29,-7,12
Singapore,57022,27,2020-09-06,50.93,61.98,56.55,-18,-4,-16,-32,-5,11
Singapore,57044,27,2020-09-07,50.93,61.98,56.55,-18,0,-10,-35,-34,19
Singapore,57091,27,2020-09-08,50.93,61.98,56.55,-19,-3,-8,-35,-34,19
Singapore,57166,27,2020-09-09,50.93,61.98,56.55,-20,-8,-11,-35,-33,19
Singapore,57229,27,2020-09-10,50.93,61.98,56.55,-20,-7,-11,-33,-34,18
Singapore,57315,27,2020-09-11,50.93,61.98,56.55,-16,-1,-17,-32,-30,21
Singapore,57357,27,2020-09-12,50.93,61.98,56.55,-14,4,-18,-27,-4,11
Singapore,57406,27,2020-09-13,50.93,61.98,56.55,-21,-8,-35,-35,-4,12
Singapore,57454,27,2020-09-14,56.48,65.1,60.12,-21,-1,-23,-34,-23,18
Singapore,57488,27,2020-09-15,50.93,61.98,56.55,-20,1,-13,-32,-23,17
Singapore,57514,27,2020-09-16,50.93,61.98,56.55,-22,-6,-23,-33,-24,18
Singapore,57532,27,2020-09-17,50.93,61.98,56.55,-23,-8,-15,-31,-25,16
Singapore,57543,27,2020-09-18,50.93,61.98,56.55,-17,-1,-14,-30,-22,19
Singapore,57558,27,2020-09-19,50.93,61.98,56.55,-13,6,-4,-25,-2,10
Singapore,57576,27,2020-09-20,50.93,61.98,56.55,-18,-4,-4,-32,-1,11
Singapore,57606,27,2020-09-21,50.93,61.98,56.55,-20,-3,-27,-33,-25,17
Singapore,57627,27,2020-09-22,50.93,61.98,56.55,-20,-1,-15,-31,-24,16
Singapore,57639,27,2020-09-23,50.93,61.98,56.55,-22,-6,-18,-31,-23,17
Singapore,57654,27,2020-09-24,50.93,61.98,56.55,-23,-5,-22,-30,-23,17
Singapore,57665,27,2020-09-25,50.93,61.98,56.55,-18,1,-19,-28,-19,18
Singapore,57685,27,2020-09-26,50.93,61.98,56.55,-14,5,-17,-24,0,10
Singapore,57700,27,2020-09-27,50.93,61.98,56.55,-16,0,-7,-30,1,11
Singapore,57715,27,2020-09-28,56.48,65.1,60.12,-21,3,-18,-32,-23,17
Singapore,57742,27,2020-09-29,50.93,61.98,56.55,-22,1,-23,-31,-23,17
Singapore,57765,27,2020-09-30,50.93,61.98,56.55,-21,-1,-23,-30,-23,17
Singapore,57784,27,2020-10-01,45.37,58.85,52.98,-22,0,-13,-29,-23,16
Singapore,57794,27,2020-10-02,45.37,58.85,52.98,-18,3,-19,-27,-19,18
Singapore,57800,27,2020-10-03,50.93,61.98,56.55,-13,11,-6,-23,0,10
Singapore,57812,27,2020-10-04,45.37,58.85,52.98,-16,1,-1,-28,0,10
Singapore,57819,27,2020-10-05,45.37,58.85,52.98,-20,4,-19,-31,-23,16
Singapore,57830,27,2020-10-06,45.37,58.85,52.98,-20,2,-15,-30,-23,16
Singapore,57840,27,2020-10-07,45.37,58.85,52.98,-21,-3,-21,-30,-23,16
Singapore,57849,27,2020-10-08,45.37,58.85,52.98,-23,-6,-31,-28,-23,16
Singapore,57859,27,2020-10-09,45.37,58.85,52.98,-14,5,-10,-28,-23,18
Singapore,57866,27,2020-10-10,45.37,58.85,52.98,-12,10,-12,-22,1,10
Singapore,57876,27,2020-10-11,45.37,58.85,52.98,-16,2,-4,-28,2,10
Singapore,57880,28,2020-10-12,45.37,58.85,52.98,-20,4,-15,-31,-24,16
Singapore,57884,28,2020-10-13,45.37,58.85,52.98,-20,2,-12,-30,-22,16
Singapore,57889,28,2020-10-14,45.37,58.85,52.98,-21,-5,-18,-29,-21,16
Singapore,57892,28,2020-10-15,45.37,58.85,52.98,-21,-2,-17,-28,-22,16
Singapore,57901,28,2020-10-16,45.37,58.85,52.98,-16,6,-17,-27,-18,18
Singapore,57904,28,2020-10-17,45.37,58.85,52.98,-12,11,-5,-22,2,10
Singapore,57911,28,2020-10-18,45.37,58.85,52.98,-16,1,-4,-28,2,10
Singapore,57915,28,2020-10-19,45.37,58.85,52.98,-19,2,-14,-31,-23,16
Singapore,57921,28,2020-10-20,45.37,58.85,52.98,-20,0,-13,-31,-22,16
Singapore,57933,28,2020-10-21,45.37,58.85,52.98,-20,-6,-19,-29,-21,16
Singapore,57941,28,2020-10-22,50.93,61.98,56.55,-21,-3,-20,-27,-21,16
Singapore,57951,28,2020-10-23,45.37,58.85,52.98,-16,3,-19,-26,-17,17
Singapore,57965,28,2020-10-24,45.37,58.85,52.98,-11,12,-5,-21,2,10
Singapore,57970,28,2020-10-25,45.37,58.85,52.98,-14,2,-2,-27,3,10
Singapore,57973,28,2020-10-26,45.37,58.85,52.98,-19,3,-24,-30,-22,16
Singapore,57980,28,2020-10-27,45.37,58.85,52.98,-19,3,-13,-29,-21,15
Singapore,57987,28,2020-10-28,45.37,58.85,52.98,-21,-3,-23,-28,-20,16
Singapore,57994,28,2020-10-29,45.37,58.85,52.98,-20,0,-19,-27,-21,15
Singapore,58003,28,2020-10-30,45.37,58.85,52.98,-15,8,-18,-25,-17,16
Singapore,58015,28,2020-10-31,45.37,58.85,52.98,-13,9,-20,-22,3,9
Singapore,58019,28,2020-11-01,50.93,61.98,56.55,-14,4,-4,-25,4,9
Singapore,58020,28,2020-11-02,45.37,58.85,52.98,-21,1,-31,-31,-21,16
Singapore,58029,28,2020-11-03,45.37,58.85,52.98,-19,4,-20,-29,-21,15
Singapore,58036,28,2020-11-04,45.37,58.85,52.98,-22,-6,-32,-29,-22,17
Singapore,58043,28,2020-11-05,45.37,58.85,52.98,-20,-1,-19,-27,-21,15
Singapore,58047,28,2020-11-06,45.37,58.85,52.98,-15,5,-20,-26,-18,17
Singapore,58054,28,2020-11-07,45.37,58.85,52.98,-13,8,-32,-22,3,10
Singapore,58056,28,2020-11-08,45.37,58.85,52.98,-13,3,-12,-25,4,9
Singapore,58064,28,2020-11-09,45.37,58.85,52.98,-18,5,-23,-30,-22,16
Singapore,58073,28,2020-11-10,45.37,58.85,52.98,-18,2,-22,-30,-22,16
Singapore,58091,28,2020-11-11,45.37,58.85,52.98,-17,-2,-17,-28,-21,16
Singapore,58102,28,2020-11-12,45.37,58.85,52.98,-17,2,-16,-26,-22,15
Singapore,58114,28,2020-11-13,45.37,58.85,52.98,-11,13,-14,-25,-21,17
Singapore,58116,28,2020-11-14,45.37,58.85,52.98,-15,11,-2,-28,-32,14
Singapore,58119,28,2020-11-15,45.37,58.85,52.98,-16,-5,-17,-28,0,10
Singapore,58124,28,2020-11-16,45.37,58.85,52.98,-13,8,-7,-32,-31,18
Singapore,58130,28,2020-11-17,45.37,58.85,52.98,-19,0,-17,-30,-21,15
Singapore,58135,28,2020-11-18,45.37,58.85,52.98,-19,-4,-16,-29,-21,16
Singapore,58139,28,2020-11-19,45.37,58.85,52.98,-20,-5,-21,-27,-21,15
Singapore,58143,28,2020-11-20,45.37,58.85,52.98,-14,2,-18,-27,-19,17
Singapore,58148,28,2020-11-21,45.37,58.85,52.98,-13,4,-25,-23,3,10
Singapore,58160,28,2020-11-22,45.37,58.85,52.98,-15,-3,-16,-27,4,10
Singapore,58165,28,2020-11-23,45.37,58.85,52.98,-16,1,-22,-31,-23,16
Singapore,58183,28,2020-11-24,45.37,58.85,52.98,-16,1,-11,-30,-22,15
Singapore,58190,28,2020-11-25,45.37,58.85,52.98,-16,-5,-15,-29,-22,16
Singapore,58195,28,2020-11-26,45.37,58.85,52.98,-18,-4,-17,-27,-23,15
Singapore,58199,28,2020-11-27,45.37,58.85,52.98,-12,4,-14,-26,-21,17
Singapore,58205,29,2020-11-28,45.37,58.85,52.98,-9,12,-12,-20,3,8
Singapore,58213,29,2020-11-29,45.37,58.85,52.98,-11,3,4,-24,5,8
Singapore,58218,29,2020-11-30,45.37,58.85,52.98,-13,5,-15,-29,-24,16
Singapore,58228,29,2020-12-01,45.37,58.85,52.98,-14,4,-6,-29,-23,15
Singapore,58230,29,2020-12-02,45.37,58.85,52.98,-16,-3,-13,-28,-23,16
Singapore,58239,29,2020-12-03,50.93,61.98,56.55,-18,-2,-22,-27,-24,15
Singapore,58242,29,2020-12-04,45.37,58.85,52.98,-13,4,-22,-26,-21,17
Singapore,58255,29,2020-12-05,45.37,58.85,52.98,-8,12,-5,-19,3,8
Singapore,58260,29,2020-12-06,45.37,58.85,52.98,-10,4,2,-23,4,8
Singapore,58273,29,2020-12-07,45.37,58.85,52.98,-13,4,-14,-29,-25,15
Singapore,58285,29,2020-12-08,45.37,58.85,52.98,-13,4,-7,-28,-23,15
Singapore,58291,29,2020-12-09,45.37,58.85,52.98,-16,-5,-16,-28,-24,16
Singapore,58297,29,2020-12-10,45.37,58.85,52.98,-17,-2,-12,-26,-25,15
Singapore,58305,29,2020-12-11,45.37,58.85,52.98,-12,4,-5,-25,-23,17
Singapore,58313,29,2020-12-12,45.37,58.85,52.98,-11,6,-17,-19,3,8
Singapore,58320,29,2020-12-13,45.37,58.85,52.98,-10,5,9,-21,5,7
Singapore,58325,29,2020-12-14,50.93,61.98,56.55,-16,2,-20,-30,-26,16
Singapore,58341,29,2020-12-15,50.93,61.98,56.55,-14,3,-9,-28,-25,15
Singapore,58353,29,2020-12-16,50.93,61.98,56.55,-16,-5,-17,-27,-25,15
Singapore,58377,29,2020-12-17,50.93,61.98,56.55,-14,0,-9,-25,-25,14
Singapore,58386,29,2020-12-18,50.93,61.98,56.55,-11,6,-17,-24,-24,17
Singapore,58403,29,2020-12-19,50.93,61.98,56.55,-8,14,1,-17,4,7
Singapore,58422,29,2020-12-20,50.93,61.98,56.55,-10,7,1,-20,5,7
Singapore,58432,29,2020-12-21,50.93,61.98,56.55,-8,13,2,-26,-27,15
Singapore,58461,29,2020-12-22,50.93,64.06,58.93,-9,8,1,-25,-27,14
Singapore,58482,29,2020-12-23,50.93,64.06,58.93,-8,7,2,-23,-26,14
Singapore,58495,29,2020-12-24,50.93,64.06,58.93,-7,21,12,-22,-34,16
Singapore,58509,29,2020-12-25,50.93,64.06,58.93,-17,13,20,-39,-70,31
Singapore,58519,29,2020-12-26,50.93,64.06,58.93,-16,2,-13,-24,-3,10
Singapore,58524,29,2020-12-27,50.93,64.06,58.93,-14,-2,-2,-23,3,9
Singapore,58529,29,2020-12-28,50.93,64.06,58.93,-7,11,7,-26,-30,15
Singapore,58542,29,2020-12-29,45.37,60.94,55.36,-9,7,9,-26,-29,15
Singapore,58569,29,2020-12-30,45.37,62.19,56.79,-8,6,11,-24,-28,15
Singapore,58599,29,2020-12-31,45.37,62.19,56.79,-4,23,35,-21,-35,15